TRUNCATE TABLE products, series, categories RESTART IDENTITY CASCADE;
INSERT INTO categories (id, name, sort_order, gradient) VALUES ('4862be0d-01e5-4e74-a52d-ae8daa4b4640', 'Recessed LED Downlight', 0, 'linear-gradient(135deg, #1a1a2e 0%, #16213e 50%, #0f3460 100%)');
INSERT INTO series (id, category_id, name, description, cover_image, sort_order) VALUES ('7b2ed230-37f0-41c7-900b-e77dde83b295', '4862be0d-01e5-4e74-a52d-ae8daa4b4640', 'SMALL Series', 'SMALL series', 'https://aisearch.cdn.bcebos.com/pic_create/2026-04-25/16/507e2c0e906c86df.jpg', 0);
INSERT INTO products (id, series_id, product_id, name, real_image, line_image, params, colors, accessories, installation_method, options_text, sort_order) VALUES ('8d0eb260-b116-4eee-877f-78871c0fd109', '7b2ed230-37f0-41c7-900b-e77dde83b295', '010.001A01', '010.001A01', 'https://aisearch.cdn.bcebos.com/pic_create/2026-04-25/16/507e2c0e906c86df.jpg', 'https://aisearch.cdn.bcebos.com/pic_create/2026-04-25/16/39c7951352069f46.jpg', '[{"label":"Model No.","value":"010.001A01"},{"label":"Power","value":"2W"},{"label":"Color Temperature","value":"2700K/3000K/3500K/4000K"},{"label":"Beam Angle","value":"15°/23°/38°"},{"label":"CRI","value":"≥92"},{"label":"Luminous Efficacy","value":"58lm/W"},{"label":"Ingress Protection (IP)","value":"IP20"},{"label":"Rated Life (hours)","value":"35000~50000 hours"},{"label":"LED Chip","value":"SMD"},{"label":"Cut-out Diameter","value":"30mm"},{"label":"Voltage","value":"220~240V"},{"label":"Mounting Type","value":"Recessed"},{"label":"Options","value":"[1] Non-dimmable [2] TRIAC dimming [3] 0/1-10V dimming [4] DALI dimming"}]'::jsonb, '[{"name":"White+Black","hex":"#f5f5f5"},{"name":"Black","hex":"#000000"}]'::jsonb, '[]'::jsonb, 'Recessed', '[1] Non-dimmable [2] TRIAC dimming [3] 0/1-10V dimming [4] DALI dimming', 0);
INSERT INTO products (id, series_id, product_id, name, real_image, line_image, params, colors, accessories, installation_method, options_text, sort_order) VALUES ('ca04534a-2193-4d84-9089-4941393b8c94', '7b2ed230-37f0-41c7-900b-e77dde83b295', '010.001A02', '010.001A02', 'https://aisearch.cdn.bcebos.com/pic_create/2026-04-25/17/8c8b79e76c52ad5e.jpg', 'https://aisearch.cdn.bcebos.com/pic_create/2026-04-25/17/74b802987943f0a2.jpg', '[{"label":"Model No.","value":"010.001A02"},{"label":"Power","value":"3W"},{"label":"Color Temperature","value":"2700K/3000K/3500K/4000K"},{"label":"Beam Angle","value":"15°/23°/38°"},{"label":"CRI","value":"≥92"},{"label":"Luminous Efficacy","value":"58lm/W"},{"label":"Ingress Protection (IP)","value":"IP20"},{"label":"Rated Life (hours)","value":"35000~50000 hours"},{"label":"LED Chip","value":"SMD"},{"label":"Cut-out Diameter","value":"40mm"},{"label":"Voltage","value":"220~240V"},{"label":"Mounting Type","value":"Recessed"},{"label":"Options","value":"[1] Non-dimmable [2] TRIAC dimming [3] 0/1-10V dimming [4] DALI dimming"}]'::jsonb, '[{"name":"White+Black","hex":"#f5f5f5"},{"name":"Black","hex":"#000000"}]'::jsonb, '[]'::jsonb, 'Recessed', '[1] Non-dimmable [2] TRIAC dimming [3] 0/1-10V dimming [4] DALI dimming', 1);
INSERT INTO products (id, series_id, product_id, name, real_image, line_image, params, colors, accessories, installation_method, options_text, sort_order) VALUES ('5aa5588c-e116-4a87-bd0f-5e51e7a167a3', '7b2ed230-37f0-41c7-900b-e77dde83b295', '010.001A03', '010.001A03', 'https://aisearch.cdn.bcebos.com/pic_create/2026-04-25/18/f0bf455227f0efb5.jpg', 'https://aisearch.cdn.bcebos.com/pic_create/2026-04-25/18/faa65201f6ca21de.jpg', '[{"label":"Model No.","value":"010.001A03"},{"label":"Power","value":"5W"},{"label":"Color Temperature","value":"2700K/3000K/3500K/4000K"},{"label":"Beam Angle","value":"15°/23°/38°"},{"label":"CRI","value":"≥95"},{"label":"Luminous Efficacy","value":"58lm/W"},{"label":"Ingress Protection (IP)","value":"IP20"},{"label":"Rated Life (hours)","value":"35000~50000 hours"},{"label":"LED Chip","value":"COB"},{"label":"Cut-out Diameter","value":"50mm"},{"label":"Voltage","value":"220~240V"},{"label":"Mounting Type","value":"Recessed"},{"label":"Options","value":"[1] Non-dimmable [2] TRIAC dimming [3] 0/1-10V dimming [4] DALI dimming"}]'::jsonb, '[{"name":"White+Black","hex":"#f5f5f5"},{"name":"Black","hex":"#000000"}]'::jsonb, '[]'::jsonb, 'Recessed', '[1] Non-dimmable [2] TRIAC dimming [3] 0/1-10V dimming [4] DALI dimming', 2);
INSERT INTO products (id, series_id, product_id, name, real_image, line_image, params, colors, accessories, installation_method, options_text, sort_order) VALUES ('e36b20c7-7ca5-420f-aab7-b45bcf5cc8e3', '7b2ed230-37f0-41c7-900b-e77dde83b295', '010.001A04', '010.001A04', 'https://aisearch.cdn.bcebos.com/pic_create/2026-04-25/19/c77ef1151ff48827.jpg', 'https://aisearch.cdn.bcebos.com/pic_create/2026-04-25/19/478b616478b15760.jpg', '[{"label":"Model No.","value":"010.001A04"},{"label":"Power","value":"8W"},{"label":"Color Temperature","value":"2700K/3000K/3500K/4000K"},{"label":"Beam Angle","value":"15°/23°/38°"},{"label":"CRI","value":"≥95"},{"label":"Luminous Efficacy","value":"58lm/W"},{"label":"Ingress Protection (IP)","value":"IP20"},{"label":"Rated Life (hours)","value":"35000~50000 hours"},{"label":"LED Chip","value":"COB"},{"label":"Cut-out Diameter","value":"60mm"},{"label":"Voltage","value":"220~240V"},{"label":"Mounting Type","value":"Recessed"},{"label":"Options","value":"[1] Non-dimmable [2] TRIAC dimming [3] 0/1-10V dimming [4] DALI dimming"}]'::jsonb, '[{"name":"White+Black","hex":"#f5f5f5"},{"name":"Black","hex":"#000000"}]'::jsonb, '[]'::jsonb, 'Recessed', '[1] Non-dimmable [2] TRIAC dimming [3] 0/1-10V dimming [4] DALI dimming', 3);
INSERT INTO series (id, category_id, name, description, cover_image, sort_order) VALUES ('119f548c-00dd-4cd6-b9fa-a0ff6d7a5402', '4862be0d-01e5-4e74-a52d-ae8daa4b4640', 'MINI Series', 'MINI series', 'https://aisearch.cdn.bcebos.com/pic_create/2026-04-25/19/55358fe91a88bf8b.jpg', 1);
INSERT INTO products (id, series_id, product_id, name, real_image, line_image, params, colors, accessories, installation_method, options_text, sort_order) VALUES ('e4d2915e-3015-4f8f-8e7f-721470ee1211', '119f548c-00dd-4cd6-b9fa-a0ff6d7a5402', '010.001B01', '010.001B01', 'https://aisearch.cdn.bcebos.com/pic_create/2026-04-25/19/55358fe91a88bf8b.jpg', 'https://aisearch.cdn.bcebos.com/pic_create/2026-04-25/19/5743ff45b6bac22b.jpg', '[{"label":"Model No.","value":"010.001B01"},{"label":"Power","value":"3W"},{"label":"Color Temperature","value":"2700K/3000K/3500K/4000K"},{"label":"Beam Angle","value":"15°/23°/38°"},{"label":"CRI","value":"≥92"},{"label":"Luminous Efficacy","value":"58lm/W"},{"label":"Ingress Protection (IP)","value":"IP20"},{"label":"Rated Life (hours)","value":"35000~50000 hours"},{"label":"LED Chip","value":"SMD"},{"label":"Cut-out Diameter","value":"40mm"},{"label":"Voltage","value":"220~240V"},{"label":"Mounting Type","value":"Recessed"},{"label":"Options","value":"[1] Non-dimmable [2] TRIAC dimming [3] 0/1-10V dimming [4] DALI dimming"}]'::jsonb, '[{"name":"White+Black","hex":"#f5f5f5"},{"name":"Black","hex":"#000000"}]'::jsonb, '[]'::jsonb, 'Recessed', '[1] Non-dimmable [2] TRIAC dimming [3] 0/1-10V dimming [4] DALI dimming', 0);
INSERT INTO products (id, series_id, product_id, name, real_image, line_image, params, colors, accessories, installation_method, options_text, sort_order) VALUES ('a6f44e6e-f730-4817-820d-50c648d0563d', '119f548c-00dd-4cd6-b9fa-a0ff6d7a5402', '010.001B02', '010.001B02', 'https://aisearch.cdn.bcebos.com/pic_create/2026-04-25/19/c5c12ce657a67771.jpg', 'https://aisearch.cdn.bcebos.com/pic_create/2026-04-25/19/1fd059d375963d25.jpg', '[{"label":"Model No.","value":"010.001B02"},{"label":"Power","value":"5W"},{"label":"Color Temperature","value":"2700K/3000K/3500K/4000K"},{"label":"Beam Angle","value":"15°/23°/38°"},{"label":"CRI","value":"≥95"},{"label":"Luminous Efficacy","value":"80lm/W"},{"label":"Ingress Protection (IP)","value":"IP20"},{"label":"Rated Life (hours)","value":"35000~50000 hours"},{"label":"LED Chip","value":"COB"},{"label":"Cut-out Diameter","value":"50mm"},{"label":"Voltage","value":"220~240V"},{"label":"Mounting Type","value":"Recessed"},{"label":"Options","value":"[1] Non-dimmable [2] TRIAC dimming [3] 0/1-10V dimming [4] DALI dimming"}]'::jsonb, '[{"name":"White+Black","hex":"#f5f5f5"},{"name":"Black","hex":"#000000"}]'::jsonb, '[]'::jsonb, 'Recessed', '[1] Non-dimmable [2] TRIAC dimming [3] 0/1-10V dimming [4] DALI dimming', 1);
INSERT INTO products (id, series_id, product_id, name, real_image, line_image, params, colors, accessories, installation_method, options_text, sort_order) VALUES ('325f9b4c-a724-4c38-a04c-160c7b9075e3', '119f548c-00dd-4cd6-b9fa-a0ff6d7a5402', '010.001B03', '010.001B03', 'https://aisearch.cdn.bcebos.com/pic_create/2026-04-25/19/713b7b42454357a6.jpg', 'https://aisearch.cdn.bcebos.com/pic_create/2026-04-25/19/1a955532109656c2.jpg', '[{"label":"Model No.","value":"010.001B03"},{"label":"Power","value":"8W"},{"label":"Color Temperature","value":"2700K/3000K/3500K/4000K"},{"label":"Beam Angle","value":"15°/23°/38°"},{"label":"CRI","value":"≥95"},{"label":"Luminous Efficacy","value":"80lm/W"},{"label":"Ingress Protection (IP)","value":"IP20"},{"label":"Rated Life (hours)","value":"35000~50000 hours"},{"label":"LED Chip","value":"COB"},{"label":"Cut-out Diameter","value":"60mm"},{"label":"Voltage","value":"220~240V"},{"label":"Mounting Type","value":"Recessed"},{"label":"Options","value":"[1] Non-dimmable [2] TRIAC dimming [3] 0/1-10V dimming [4] DALI dimming"}]'::jsonb, '[{"name":"White+Black","hex":"#f5f5f5"},{"name":"Black","hex":"#000000"}]'::jsonb, '[]'::jsonb, 'Recessed', '[1] Non-dimmable [2] TRIAC dimming [3] 0/1-10V dimming [4] DALI dimming', 2);
INSERT INTO series (id, category_id, name, description, cover_image, sort_order) VALUES ('7393edeb-5834-45f4-aec9-6757c2828658', '4862be0d-01e5-4e74-a52d-ae8daa4b4640', 'LUMI Series', 'LUMI series', 'https://aisearch.cdn.bcebos.com/pic_create/2026-05-02/16/89edce02f9e805ed.jpg', 2);
INSERT INTO products (id, series_id, product_id, name, real_image, line_image, params, colors, accessories, installation_method, options_text, sort_order) VALUES ('8fbcf09c-e300-4593-8502-57873b92c497', '7393edeb-5834-45f4-aec9-6757c2828658', '010.002B01', '010.002B01', 'https://aisearch.cdn.bcebos.com/pic_create/2026-05-02/16/89edce02f9e805ed.jpg', 'https://aisearch.cdn.bcebos.com/pic_create/2026-05-02/16/0b8455a032d7b6de.jpg', '[{"label":"Model No.","value":"010.002B01"},{"label":"Power","value":"8W/12W"},{"label":"Color Temperature","value":"2700K/3000K/3500K/4000K"},{"label":"Beam Angle","value":"15°/23°/38°"},{"label":"CRI","value":"≥95"},{"label":"Luminous Efficacy","value":"77lm/W"},{"label":"Ingress Protection (IP)","value":"IP20"},{"label":"Rated Life (hours)","value":"35000~50000 hours"},{"label":"LED Chip","value":"COB"},{"label":"Cut-out Diameter","value":"50mm"},{"label":"Voltage","value":"220~240V"},{"label":"Mounting Type","value":"Recessed"},{"label":"Options","value":"[1] Non-dimmable [2] TRIAC dimming [3] 0/1-10V dimming [4] DALI dimming"}]'::jsonb, '[{"name":"White+Silver","hex":"#f0f0f0"}]'::jsonb, '["Honeycomb"]'::jsonb, 'Recessed', '[1] Non-dimmable [2] TRIAC dimming [3] 0/1-10V dimming [4] DALI dimming', 0);
INSERT INTO series (id, category_id, name, description, cover_image, sort_order) VALUES ('b257d833-0d86-4abf-8d86-09d3b5b6d51c', '4862be0d-01e5-4e74-a52d-ae8daa4b4640', 'MINIATURE Series', 'MINIATURE series', 'https://aisearch.cdn.bcebos.com/pic_create/2026-05-02/21/2f77a2b94b0f1d13.jpg', 3);
INSERT INTO products (id, series_id, product_id, name, real_image, line_image, params, colors, accessories, installation_method, options_text, sort_order) VALUES ('c3717056-f964-4f6b-bec0-b57ea6699dbd', 'b257d833-0d86-4abf-8d86-09d3b5b6d51c', '010.004A01', '010.004A01', 'https://aisearch.cdn.bcebos.com/pic_create/2026-05-02/21/2f77a2b94b0f1d13.jpg', 'https://aisearch.cdn.bcebos.com/pic_create/2026-05-02/21/9cc5a44bb250c5ef.jpg', '[{"label":"Model No.","value":"010.004A01"},{"label":"Power","value":"6W/8W"},{"label":"Color Temperature","value":"2700K/3000K/3500K/4000K"},{"label":"Beam Angle","value":"15°/23°/38°"},{"label":"CRI","value":"≥95"},{"label":"Luminous Efficacy","value":"77lm/W"},{"label":"Ingress Protection (IP)","value":"IP20"},{"label":"Rated Life (hours)","value":"35000~50000 hours"},{"label":"LED Chip","value":"COB"},{"label":"Cut-out Diameter","value":"75mm"},{"label":"Voltage","value":"220~240V"},{"label":"Mounting Type","value":"Recessed"},{"label":"Bezel Color","value":"White+Chrome / White+Gun Metal / Black / White"},{"label":"Options","value":"[1] Non-dimmable [2] TRIAC dimming [3] 0/1-10V dimming [4] DALI dimming"}]'::jsonb, '[{"name":"Black","hex":"#000000"},{"name":"White","hex":"#ffffff"},{"name":"White+Silver","hex":"#f0f0f0"}]'::jsonb, '["Honeycomb"]'::jsonb, 'Recessed', '[1] Non-dimmable [2] TRIAC dimming [3] 0/1-10V dimming [4] DALI dimming', 0);
INSERT INTO series (id, category_id, name, description, cover_image, sort_order) VALUES ('64217b55-b940-4d3d-9ec5-2a63160d590d', '4862be0d-01e5-4e74-a52d-ae8daa4b4640', 'Cloud Series', 'Cloud series', 'https://aisearch.cdn.bcebos.com/pic_create/2026-05-24/13/d00b9fe91eb9ab39.jpg', 4);
INSERT INTO products (id, series_id, product_id, name, real_image, line_image, params, colors, accessories, installation_method, options_text, sort_order) VALUES ('f30a3740-8966-4058-a79a-5f10fad2b730', '64217b55-b940-4d3d-9ec5-2a63160d590d', '010.005A01', '010.005A01', 'https://aisearch.cdn.bcebos.com/pic_create/2026-05-24/13/d00b9fe91eb9ab39.jpg', 'https://aisearch.cdn.bcebos.com/pic_create/2026-05-24/13/c92d2454b8f2a2cc.jpg', '[{"label":"Model No.","value":"010.005A01"},{"label":"Power","value":"15W/20W"},{"label":"Color Temperature","value":"2700K/3000K/3500K/4000K"},{"label":"Beam Angle","value":"15°/23°/38°"},{"label":"CRI","value":"≥95"},{"label":"Luminous Efficacy","value":"86lm/W"},{"label":"Ingress Protection (IP)","value":"IP20"},{"label":"Rated Life (hours)","value":"35000~50000 hours"},{"label":"LED Chip","value":"COB"},{"label":"Cut-out Diameter","value":"75mm"},{"label":"Voltage","value":"220~240V"},{"label":"Mounting Type","value":"Recessed"},{"label":"Options","value":"[1] Non-dimmable [2] TRIAC dimming [3] 0/1-10V dimming [4] DALI dimming"}]'::jsonb, '[{"name":"Black","hex":"#000000"},{"name":"White","hex":"#ffffff"},{"name":"White+Silver","hex":"#f0f0f0"}]'::jsonb, '[]'::jsonb, 'Recessed', '[1] Non-dimmable [2] TRIAC dimming [3] 0/1-10V dimming [4] DALI dimming', 0);
INSERT INTO products (id, series_id, product_id, name, real_image, line_image, params, colors, accessories, installation_method, options_text, sort_order) VALUES ('18e3992d-5eb4-4612-9ed3-4e32580c31de', '64217b55-b940-4d3d-9ec5-2a63160d590d', '010.005A02', '010.005A02', 'https://aisearch.cdn.bcebos.com/pic_create/2026-05-24/14/43ea7685d83a2852.jpg', 'https://aisearch.cdn.bcebos.com/pic_create/2026-05-24/14/673fdbafe1be2755.jpg', '[{"label":"Model No.","value":"010.005A02"},{"label":"Power","value":"25W/30W"},{"label":"Color Temperature","value":"2700K/3000K/3500K/4000K"},{"label":"Beam Angle","value":"15°/23°/38°"},{"label":"CRI","value":"≥95"},{"label":"Luminous Efficacy","value":"86lm/W"},{"label":"Ingress Protection (IP)","value":"IP20"},{"label":"Rated Life (hours)","value":"35000~50000 hours"},{"label":"LED Chip","value":"COB"},{"label":"Cut-out Diameter","value":"95mm"},{"label":"Voltage","value":"220~240V"},{"label":"Mounting Type","value":"Recessed"},{"label":"Options","value":"[1] Non-dimmable [2] TRIAC dimming [3] 0/1-10V dimming [4] DALI dimming"}]'::jsonb, '[{"name":"Black","hex":"#000000"},{"name":"White","hex":"#ffffff"},{"name":"White+Silver","hex":"#f0f0f0"}]'::jsonb, '[]'::jsonb, 'Recessed', '[1] Non-dimmable [2] TRIAC dimming [3] 0/1-10V dimming [4] DALI dimming', 1);
INSERT INTO products (id, series_id, product_id, name, real_image, line_image, params, colors, accessories, installation_method, options_text, sort_order) VALUES ('2030dfdc-c203-43f4-9908-4076396b468a', '64217b55-b940-4d3d-9ec5-2a63160d590d', '010.005A03', '010.005A03', 'https://aisearch.cdn.bcebos.com/pic_create/2026-05-24/15/3737d10360fbc9c5.jpg', 'https://aisearch.cdn.bcebos.com/pic_create/2026-05-24/16/a18e1f31aa58430b.jpg', '[{"label":"Model No.","value":"010.005A03"},{"label":"Power","value":"40W/50W"},{"label":"Color Temperature","value":"2700K/3000K/3500K/4000K"},{"label":"Beam Angle","value":"15°/23°/38°"},{"label":"CRI","value":"≥95"},{"label":"Luminous Efficacy","value":"88lm/W"},{"label":"Ingress Protection (IP)","value":"IP20"},{"label":"Rated Life (hours)","value":"35000~50000 hours"},{"label":"LED Chip","value":"COB"},{"label":"Cut-out Diameter","value":"120mm"},{"label":"Voltage","value":"220~240V"},{"label":"Mounting Type","value":"Recessed"},{"label":"Options","value":"[1] Non-dimmable [2] TRIAC dimming [3] 0/1-10V dimming [4] DALI dimming"}]'::jsonb, '[{"name":"Black","hex":"#000000"},{"name":"White","hex":"#ffffff"},{"name":"White+Silver","hex":"#f0f0f0"}]'::jsonb, '[]'::jsonb, 'Recessed', '[1] Non-dimmable [2] TRIAC dimming [3] 0/1-10V dimming [4] DALI dimming', 2);
INSERT INTO products (id, series_id, product_id, name, real_image, line_image, params, colors, accessories, installation_method, options_text, sort_order) VALUES ('a9778728-a893-4ace-9698-91843f59cb74', '64217b55-b940-4d3d-9ec5-2a63160d590d', '010.005A04', '010.005A04', 'https://aisearch.cdn.bcebos.com/pic_create/2026-05-24/16/b4e31f95234ca223.jpg', 'https://aisearch.cdn.bcebos.com/pic_create/2026-05-24/16/5776dfa1543e0326.jpg', '[{"label":"Model No.","value":"010.005A04"},{"label":"Power","value":"50W/60W"},{"label":"Color Temperature","value":"2700K/3000K/3500K/4000K"},{"label":"Beam Angle","value":"15°/23°/38°"},{"label":"CRI","value":"≥95"},{"label":"Luminous Efficacy","value":"88lm/W"},{"label":"Ingress Protection (IP)","value":"IP20"},{"label":"Rated Life (hours)","value":"35000~50000 hours"},{"label":"LED Chip","value":"COB"},{"label":"Cut-out Diameter","value":"120mm"},{"label":"Voltage","value":"220~240V"},{"label":"Mounting Type","value":"Recessed"},{"label":"Options","value":"[1] Non-dimmable [2] TRIAC dimming [3] 0/1-10V dimming [4] DALI dimming"}]'::jsonb, '[{"name":"Black","hex":"#000000"},{"name":"White","hex":"#ffffff"},{"name":"White+Silver","hex":"#f0f0f0"}]'::jsonb, '[]'::jsonb, 'Recessed', '[1] Non-dimmable [2] TRIAC dimming [3] 0/1-10V dimming [4] DALI dimming', 3);
INSERT INTO categories (id, name, sort_order, gradient) VALUES ('9d959a6f-215e-4e13-b0e2-5145ae033edf', 'Surface Mount LED Downlight', 1, 'linear-gradient(135deg, #2d1b2e 0%, #1a1a2e 50%, #162447 100%)');
INSERT INTO series (id, category_id, name, description, cover_image, sort_order) VALUES ('591bf8fc-cb27-41ec-9a32-9f2c071b9bcd', '9d959a6f-215e-4e13-b0e2-5145ae033edf', 'OU Series', 'OU series', 'https://aisearch.cdn.bcebos.com/pic_create/2026-05-30/18/d03b89d501d63f8d.jpg', 0);
INSERT INTO products (id, series_id, product_id, name, real_image, line_image, params, colors, accessories, installation_method, options_text, sort_order) VALUES ('e4389f9c-aeeb-46c4-9742-8866efca8195', '591bf8fc-cb27-41ec-9a32-9f2c071b9bcd', '020.001A01', '020.001A01', 'https://aisearch.cdn.bcebos.com/pic_create/2026-05-30/18/d03b89d501d63f8d.jpg', 'https://aisearch.cdn.bcebos.com/pic_create/2026-05-31/17/87c487b99602b8af.jpg', '[{"label":"Model No.","value":"020.001A01"},{"label":"Power","value":"10W/12W/15W"},{"label":"Color Temperature","value":"2700K/3000K/3500K/4000K"},{"label":"Beam Angle","value":"15°/23°/38°"},{"label":"CRI","value":"≥95"},{"label":"Luminous Efficacy","value":"82lm/W"},{"label":"Ingress Protection (IP)","value":"IP20"},{"label":"Rated Life (hours)","value":"35000~50000 hours"},{"label":"LED Chip","value":"COB"},{"label":"Voltage","value":"220~240V"},{"label":"Mounting Type","value":"Surface Mount"},{"label":"Options","value":"[1] Non-dimmable [2] TRIAC dimming [3] 0/1-10V dimming [4] DALI dimming"}]'::jsonb, '[{"name":"White","hex":"#ffffff"},{"name":"Black","hex":"#000000"}]'::jsonb, '["Honeycomb"]'::jsonb, 'Surface Mount', '[1] Non-dimmable [2] TRIAC dimming [3] 0/1-10V dimming [4] DALI dimming', 0);
INSERT INTO products (id, series_id, product_id, name, real_image, line_image, params, colors, accessories, installation_method, options_text, sort_order) VALUES ('40fbec10-fae1-4306-aa41-60abb2048ff9', '591bf8fc-cb27-41ec-9a32-9f2c071b9bcd', '020.001A02', '020.001A02', 'https://aisearch.cdn.bcebos.com/pic_create/2026-05-31/17/4c662f64a26d3063.jpg', 'https://aisearch.cdn.bcebos.com/pic_create/2026-05-31/17/075eee8043934c82.jpg', '[{"label":"Model No.","value":"020.001A02"},{"label":"Power","value":"15W/20W"},{"label":"Color Temperature","value":"2700K/3000K/3500K/4000K"},{"label":"Beam Angle","value":"15°/23°/38°"},{"label":"CRI","value":"≥95"},{"label":"Luminous Efficacy","value":"80lm/W"},{"label":"Ingress Protection (IP)","value":"IP20"},{"label":"Rated Life (hours)","value":"35000~50000 hours"},{"label":"LED Chip","value":"COB"},{"label":"Voltage","value":"220~240V"},{"label":"Mounting Type","value":"Surface Mount"},{"label":"Options","value":"[1] Non-dimmable [2] TRIAC dimming [3] 0/1-10V dimming [4] DALI dimming"}]'::jsonb, '[{"name":"White","hex":"#ffffff"},{"name":"Black","hex":"#000000"}]'::jsonb, '["Honeycomb"]'::jsonb, 'Surface Mount', '[1] Non-dimmable [2] TRIAC dimming [3] 0/1-10V dimming [4] DALI dimming', 1);
INSERT INTO products (id, series_id, product_id, name, real_image, line_image, params, colors, accessories, installation_method, options_text, sort_order) VALUES ('1777fc7f-1221-4b96-a1fb-4e9a7f61bdc6', '591bf8fc-cb27-41ec-9a32-9f2c071b9bcd', '020.001A03', '020.001A03', 'https://aisearch.cdn.bcebos.com/pic_create/2026-05-31/17/12e7461ef3ec1469.jpg', 'https://aisearch.cdn.bcebos.com/pic_create/2026-05-31/17/e685c23ff12d275d.jpg', '[{"label":"Model No.","value":"020.001A03"},{"label":"Power","value":"30W/35W"},{"label":"Color Temperature","value":"2700K/3000K/3500K/4000K"},{"label":"Beam Angle","value":"15°/23°/38°"},{"label":"CRI","value":"≥95"},{"label":"Luminous Efficacy","value":"83lm/W"},{"label":"Ingress Protection (IP)","value":"IP20"},{"label":"Rated Life (hours)","value":"35000~50000 hours"},{"label":"LED Chip","value":"COB"},{"label":"Voltage","value":"220~240V"},{"label":"Mounting Type","value":"Surface Mount"},{"label":"Options","value":"[1] Non-dimmable [2] TRIAC dimming [3] 0/1-10V dimming [4] DALI dimming"}]'::jsonb, '[{"name":"White","hex":"#ffffff"},{"name":"Black","hex":"#000000"}]'::jsonb, '["Honeycomb"]'::jsonb, 'Surface Mount', '[1] Non-dimmable [2] TRIAC dimming [3] 0/1-10V dimming [4] DALI dimming', 2);
INSERT INTO series (id, category_id, name, description, cover_image, sort_order) VALUES ('f4991943-9c35-4baf-b470-e3f671c310a4', '9d959a6f-215e-4e13-b0e2-5145ae033edf', 'LIG Series', 'LIG series', 'https://aisearch.cdn.bcebos.com/pic_create/2026-05-31/17/3d15e3d087ee29dc.jpg', 1);
INSERT INTO products (id, series_id, product_id, name, real_image, line_image, params, colors, accessories, installation_method, options_text, sort_order) VALUES ('0747c562-7a3f-490d-a81d-d62585a882fc', 'f4991943-9c35-4baf-b470-e3f671c310a4', '020.003A05', '020.003A05', 'https://aisearch.cdn.bcebos.com/pic_create/2026-05-31/17/3d15e3d087ee29dc.jpg', 'https://aisearch.cdn.bcebos.com/pic_create/2026-05-31/17/f5dd9b089977fe28.jpg', '[{"label":"Model No.","value":"020.003A05"},{"label":"Power","value":"10W"},{"label":"Color Temperature","value":"2700K/3000K/3500K/4000K"},{"label":"Beam Angle","value":"15°/30°/45°"},{"label":"CRI","value":"≥95"},{"label":"Luminous Efficacy","value":"85lm/W"},{"label":"Ingress Protection (IP)","value":"IP20"},{"label":"Rated Life (hours)","value":"35000~50000 hours"},{"label":"LED Chip","value":"COB"},{"label":"Voltage","value":"220~240V"},{"label":"Mounting Type","value":"Surface Mount"},{"label":"Options","value":"[1] Non-dimmable [2] TRIAC dimming [3] 0/1-10V dimming [4] DALI dimming"}]'::jsonb, '[{"name":"White","hex":"#ffffff"},{"name":"Black","hex":"#000000"}]'::jsonb, '["Round stretch lens / Rectangular stretch lens / Square stretch lens"]'::jsonb, 'Surface Mount', '[1] Non-dimmable [2] TRIAC dimming [3] 0/1-10V dimming [4] DALI dimming', 0);
INSERT INTO products (id, series_id, product_id, name, real_image, line_image, params, colors, accessories, installation_method, options_text, sort_order) VALUES ('ac1e9b77-3e3c-4fc2-a7b7-0d8038c359a9', 'f4991943-9c35-4baf-b470-e3f671c310a4', '020.003A10', '020.003A10', 'https://aisearch.cdn.bcebos.com/pic_create/2026-05-31/17/f76ea43f9ee508af.jpg', 'https://aisearch.cdn.bcebos.com/pic_create/2026-05-31/17/7d13ba90aa36667a.jpg', '[{"label":"Model No.","value":"020.003A10"},{"label":"Power","value":"20W"},{"label":"Color Temperature","value":"2700K/3000K/3500K/4000K"},{"label":"Beam Angle","value":"15°/30°/45°"},{"label":"CRI","value":"≥95"},{"label":"Luminous Efficacy","value":"85lm/W"},{"label":"Ingress Protection (IP)","value":"IP20"},{"label":"Rated Life (hours)","value":"35000~50000 hours"},{"label":"LED Chip","value":"COB"},{"label":"Voltage","value":"220~240V"},{"label":"Mounting Type","value":"Surface Mount"},{"label":"Options","value":"[1] Non-dimmable [2] TRIAC dimming [3] 0/1-10V dimming [4] DALI dimming"}]'::jsonb, '[{"name":"White","hex":"#ffffff"},{"name":"Black","hex":"#000000"}]'::jsonb, '["Round stretch lens / Rectangular stretch lens / Square stretch lens"]'::jsonb, 'Surface Mount', '[1] Non-dimmable [2] TRIAC dimming [3] 0/1-10V dimming [4] DALI dimming', 1);
INSERT INTO products (id, series_id, product_id, name, real_image, line_image, params, colors, accessories, installation_method, options_text, sort_order) VALUES ('0939042c-f2fc-4b3e-a7d2-577d54c8cf55', 'f4991943-9c35-4baf-b470-e3f671c310a4', '020.003A15', '020.003A15', 'https://aisearch.cdn.bcebos.com/pic_create/2026-05-31/17/5317bb89fac944ca.jpg', 'https://aisearch.cdn.bcebos.com/pic_create/2026-05-31/17/4d8f5763df10c36d.jpg', '[{"label":"Model No.","value":"020.003A15"},{"label":"Power","value":"30W"},{"label":"Color Temperature","value":"2700K/3000K/3500K/4000K"},{"label":"Beam Angle","value":"15°/30°/45°"},{"label":"CRI","value":"≥95"},{"label":"Luminous Efficacy","value":"85lm/W"},{"label":"Ingress Protection (IP)","value":"IP20"},{"label":"Rated Life (hours)","value":"35000~50000 hours"},{"label":"LED Chip","value":"COB"},{"label":"Voltage","value":"220~240V"},{"label":"Mounting Type","value":"Surface Mount"},{"label":"Options","value":"[1] Non-dimmable [2] TRIAC dimming [3] 0/1-10V dimming [4] DALI dimming"}]'::jsonb, '[{"name":"White","hex":"#ffffff"},{"name":"Black","hex":"#000000"}]'::jsonb, '["Round stretch lens / Rectangular stretch lens / Square stretch lens"]'::jsonb, 'Surface Mount', '[1] Non-dimmable [2] TRIAC dimming [3] 0/1-10V dimming [4] DALI dimming', 2);
INSERT INTO series (id, category_id, name, description, cover_image, sort_order) VALUES ('300caa84-a93c-41e2-8482-48352d89631e', '9d959a6f-215e-4e13-b0e2-5145ae033edf', 'CPO Series', 'CPO series', 'https://aisearch.cdn.bcebos.com/pic_create/2026-05-31/18/d1372f6556cc15ee.jpg', 2);
INSERT INTO products (id, series_id, product_id, name, real_image, line_image, params, colors, accessories, installation_method, options_text, sort_order) VALUES ('e92e13af-54b9-468b-932c-bad67a9f8054', '300caa84-a93c-41e2-8482-48352d89631e', '020.004A01-1', '020.004A01-1', 'https://aisearch.cdn.bcebos.com/pic_create/2026-05-31/18/d1372f6556cc15ee.jpg', 'https://aisearch.cdn.bcebos.com/pic_create/2026-05-31/18/a2701a31850f47cf.jpg', '[{"label":"Model No.","value":"020.004A01-1"},{"label":"Power","value":"10W/12W"},{"label":"Color Temperature","value":"2700K/3000K/3500K/4000K"},{"label":"Beam Angle","value":"15°/23°/38°"},{"label":"CRI","value":"≥95"},{"label":"Luminous Efficacy","value":"86lm/W"},{"label":"Ingress Protection (IP)","value":"IP20"},{"label":"Rated Life (hours)","value":"35000~50000 hours"},{"label":"LED Chip","value":"COB"},{"label":"Voltage","value":"220~240V"},{"label":"Mounting Type","value":"Surface Mount"},{"label":"Options","value":"[1] Non-dimmable [2] TRIAC dimming [3] 0/1-10V dimming [4] DALI dimming"}]'::jsonb, '[{"name":"White","hex":"#ffffff"},{"name":"Black","hex":"#000000"}]'::jsonb, '[]'::jsonb, 'Surface Mount', '[1] Non-dimmable [2] TRIAC dimming [3] 0/1-10V dimming [4] DALI dimming', 0);
INSERT INTO products (id, series_id, product_id, name, real_image, line_image, params, colors, accessories, installation_method, options_text, sort_order) VALUES ('6d7d584b-ea0b-4dee-97b7-b0366bef625d', '300caa84-a93c-41e2-8482-48352d89631e', '020.004A01-2', '020.004A01-2', 'https://aisearch.cdn.bcebos.com/pic_create/2026-05-31/18/4c0048b51c4fbf18.jpg', 'https://aisearch.cdn.bcebos.com/pic_create/2026-05-31/18/2bdb794e05f1a989.jpg', '[{"label":"Model No.","value":"020.004A01-2"},{"label":"Power","value":"2*10W/2*12W"},{"label":"Color Temperature","value":"2700K/3000K/3500K/4000K"},{"label":"Beam Angle","value":"15°/23°/38°"},{"label":"CRI","value":"≥95"},{"label":"Luminous Efficacy","value":"80lm/W"},{"label":"Ingress Protection (IP)","value":"IP20"},{"label":"Rated Life (hours)","value":"35000~50000 hours"},{"label":"LED Chip","value":"COB"},{"label":"Voltage","value":"220~240V"},{"label":"Mounting Type","value":"Surface Mount"},{"label":"Options","value":"[1] Non-dimmable [2] TRIAC dimming [3] 0/1-10V dimming [4] DALI dimming"}]'::jsonb, '[{"name":"White","hex":"#ffffff"},{"name":"Black","hex":"#000000"}]'::jsonb, '[]'::jsonb, 'Surface Mount', '[1] Non-dimmable [2] TRIAC dimming [3] 0/1-10V dimming [4] DALI dimming', 1);
INSERT INTO products (id, series_id, product_id, name, real_image, line_image, params, colors, accessories, installation_method, options_text, sort_order) VALUES ('95d80682-28aa-4a7c-9e5e-668fd023ebb7', '300caa84-a93c-41e2-8482-48352d89631e', '020.004A01-3', '020.004A01-3', 'https://aisearch.cdn.bcebos.com/pic_create/2026-05-31/18/f62c9b57277c6024.jpg', 'https://aisearch.cdn.bcebos.com/pic_create/2026-05-31/18/2236adb8322feab3.jpg', '[{"label":"Model No.","value":"020.004A01-3"},{"label":"Power","value":"2*10W/2*12W"},{"label":"Color Temperature","value":"2700K/3000K/3500K/4000K"},{"label":"Beam Angle","value":"15°/23°/38°"},{"label":"CRI","value":"≥95"},{"label":"Luminous Efficacy","value":"80lm/W"},{"label":"Ingress Protection (IP)","value":"IP20"},{"label":"Rated Life (hours)","value":"35000~50000 hours"},{"label":"LED Chip","value":"COB"},{"label":"Voltage","value":"220~240V"},{"label":"Mounting Type","value":"Surface Mount"},{"label":"Options","value":"[1] Non-dimmable [2] TRIAC dimming [3] 0/1-10V dimming [4] DALI dimming"}]'::jsonb, '[{"name":"White","hex":"#ffffff"},{"name":"Black","hex":"#000000"}]'::jsonb, '[]'::jsonb, 'Surface Mount', '[1] Non-dimmable [2] TRIAC dimming [3] 0/1-10V dimming [4] DALI dimming', 2);
INSERT INTO series (id, category_id, name, description, cover_image, sort_order) VALUES ('095b16e9-4a6b-4773-b445-1a9687a08f7a', '9d959a6f-215e-4e13-b0e2-5145ae033edf', 'BOX Series', 'BOX series', 'https://aisearch.cdn.bcebos.com/pic_create/2026-05-31/18/f0da1772e76bbb5b.jpg', 3);
INSERT INTO products (id, series_id, product_id, name, real_image, line_image, params, colors, accessories, installation_method, options_text, sort_order) VALUES ('b1d9a716-1743-46b3-93d7-b6ae25264a16', '095b16e9-4a6b-4773-b445-1a9687a08f7a', '020.005A01', '020.005A01', 'https://aisearch.cdn.bcebos.com/pic_create/2026-05-31/18/f0da1772e76bbb5b.jpg', 'https://aisearch.cdn.bcebos.com/pic_create/2026-05-31/18/920071119a1396b1.jpg', '[{"label":"Model No.","value":"020.005A01"},{"label":"Power","value":"15W"},{"label":"Color Temperature","value":"2700K/3000K/3500K/4000K"},{"label":"Beam Angle","value":"15°/23°/38°"},{"label":"CRI","value":"≥95"},{"label":"Luminous Efficacy","value":"82lm/W"},{"label":"Ingress Protection (IP)","value":"IP20"},{"label":"Rated Life (hours)","value":"35000~50000 hours"},{"label":"LED Chip","value":"COB"},{"label":"Voltage","value":"220~240V"},{"label":"Mounting Type","value":"Surface Mount"},{"label":"Options","value":"[1] Non-dimmable [2] TRIAC dimming [3] 0/1-10V dimming [4] DALI dimming"}]'::jsonb, '[{"name":"White","hex":"#ffffff"},{"name":"Black","hex":"#000000"}]'::jsonb, '[]'::jsonb, 'Surface Mount', '[1] Non-dimmable [2] TRIAC dimming [3] 0/1-10V dimming [4] DALI dimming', 0);
INSERT INTO products (id, series_id, product_id, name, real_image, line_image, params, colors, accessories, installation_method, options_text, sort_order) VALUES ('ea04d53d-adac-4992-9ddf-c526c885e189', '095b16e9-4a6b-4773-b445-1a9687a08f7a', '020.005A02', '020.005A02', 'https://aisearch.cdn.bcebos.com/pic_create/2026-05-31/18/a3aaa09449bba4b5.jpg', 'https://aisearch.cdn.bcebos.com/pic_create/2026-05-31/18/179fe2e4e35f9025.jpg', '[{"label":"Model No.","value":"020.005A02"},{"label":"Power","value":"36W"},{"label":"Color Temperature","value":"2700K/3000K/3500K/4000K"},{"label":"Beam Angle","value":"15°/23°/38°"},{"label":"CRI","value":"≥95"},{"label":"Luminous Efficacy","value":"82lm/W"},{"label":"Ingress Protection (IP)","value":"IP20"},{"label":"Rated Life (hours)","value":"35000~50000 hours"},{"label":"LED Chip","value":"COB"},{"label":"Voltage","value":"220~240V"},{"label":"Mounting Type","value":"Surface Mount"},{"label":"Options","value":"[1] Non-dimmable [2] TRIAC dimming [3] 0/1-10V dimming [4] DALI dimming"}]'::jsonb, '[{"name":"White","hex":"#ffffff"},{"name":"Black","hex":"#000000"}]'::jsonb, '[]'::jsonb, 'Surface Mount', '[1] Non-dimmable [2] TRIAC dimming [3] 0/1-10V dimming [4] DALI dimming', 1);
INSERT INTO series (id, category_id, name, description, cover_image, sort_order) VALUES ('afdb4cbf-5234-4c4e-a7ce-0a9661083826', '9d959a6f-215e-4e13-b0e2-5145ae033edf', 'CALYPSO Series', 'CALYPSO series', 'https://aisearch.cdn.bcebos.com/pic_create/2026-05-31/18/fba0c4e4a77b993a.jpg', 4);
INSERT INTO products (id, series_id, product_id, name, real_image, line_image, params, colors, accessories, installation_method, options_text, sort_order) VALUES ('40b544fd-46bf-432e-8ad7-ce47da2ed2bb', 'afdb4cbf-5234-4c4e-a7ce-0a9661083826', '020.006A01', '020.006A01', 'https://aisearch.cdn.bcebos.com/pic_create/2026-05-31/18/fba0c4e4a77b993a.jpg', 'https://aisearch.cdn.bcebos.com/pic_create/2026-05-31/18/f6ea029886582b29.jpg', '[{"label":"Model No.","value":"020.006A01"},{"label":"Power","value":"5W"},{"label":"Color Temperature","value":"2700K/3000K/3500K/4000K"},{"label":"Beam Angle","value":"15°/23°/38°/50°"},{"label":"CRI","value":"≥95"},{"label":"Luminous Efficacy","value":"48lm/W"},{"label":"Ingress Protection (IP)","value":"IP20"},{"label":"Rated Life (hours)","value":"35000~50000 hours"},{"label":"LED Chip","value":"COB"},{"label":"Voltage","value":"220~240V"},{"label":"Mounting Type","value":"Surface Mount"},{"label":"Options","value":"[1] Non-dimmable"}]'::jsonb, '[{"name":"White","hex":"#ffffff"},{"name":"Black","hex":"#000000"}]'::jsonb, '[]'::jsonb, 'Surface Mount', '[1] Non-dimmable', 0);
INSERT INTO products (id, series_id, product_id, name, real_image, line_image, params, colors, accessories, installation_method, options_text, sort_order) VALUES ('fc336316-16ed-4d4d-9ff1-e7f48b12d05f', 'afdb4cbf-5234-4c4e-a7ce-0a9661083826', '020.006A02', '020.006A02', 'https://aisearch.cdn.bcebos.com/pic_create/2026-05-31/18/fba0c4e4a77b993a.jpg', 'https://aisearch.cdn.bcebos.com/pic_create/2026-05-31/18/b83704101c71bae8.jpg', '[{"label":"Model No.","value":"020.006A02"},{"label":"Power","value":"7W"},{"label":"Color Temperature","value":"2700K/3000K/3500K/4000K"},{"label":"Beam Angle","value":"15°/23°/38°/50°"},{"label":"CRI","value":"≥95"},{"label":"Luminous Efficacy","value":"48lm/W"},{"label":"Ingress Protection (IP)","value":"IP20"},{"label":"Rated Life (hours)","value":"35000~50000 hours"},{"label":"LED Chip","value":"COB"},{"label":"Voltage","value":"220~240V"},{"label":"Mounting Type","value":"Surface Mount"},{"label":"Options","value":"[1] Non-dimmable"}]'::jsonb, '[{"name":"White","hex":"#ffffff"},{"name":"Black","hex":"#000000"}]'::jsonb, '[]'::jsonb, 'Surface Mount', '[1] Non-dimmable', 1);
INSERT INTO products (id, series_id, product_id, name, real_image, line_image, params, colors, accessories, installation_method, options_text, sort_order) VALUES ('fedf7020-04eb-4a5e-b785-c6eaaca6238e', 'afdb4cbf-5234-4c4e-a7ce-0a9661083826', '020.006A03', '020.006A03', 'https://aisearch.cdn.bcebos.com/pic_create/2026-05-31/18/fba0c4e4a77b993a.jpg', 'https://aisearch.cdn.bcebos.com/pic_create/2026-05-31/18/47dbe6c4969034b9.jpg', '[{"label":"Model No.","value":"020.006A03"},{"label":"Power","value":"9W"},{"label":"Color Temperature","value":"2700K/3000K/3500K/4000K"},{"label":"Beam Angle","value":"15°/23°/38°/50°"},{"label":"CRI","value":"≥95"},{"label":"Luminous Efficacy","value":"48lm/W"},{"label":"Ingress Protection (IP)","value":"IP20"},{"label":"Rated Life (hours)","value":"35000~50000 hours"},{"label":"LED Chip","value":"COB"},{"label":"Voltage","value":"220~240V"},{"label":"Mounting Type","value":"Surface Mount"},{"label":"Options","value":"[1] Non-dimmable"}]'::jsonb, '[{"name":"White","hex":"#ffffff"},{"name":"Black","hex":"#000000"}]'::jsonb, '[]'::jsonb, 'Surface Mount', '[1] Non-dimmable', 2);
INSERT INTO categories (id, name, sort_order, gradient) VALUES ('dcc0d91e-ed85-4b83-a239-484ae646b2f1', 'Fixed LED Track Light', 2, 'linear-gradient(135deg, #1a2a1a 0%, #162d16 50%, #0f340f 100%)');
INSERT INTO series (id, category_id, name, description, cover_image, sort_order) VALUES ('48bdd42e-b2cf-424c-80f3-86ee1af636f0', 'dcc0d91e-ed85-4b83-a239-484ae646b2f1', 'SPECIAL Series', 'SPECIAL series', 'https://aisearch.cdn.bcebos.com/pic_create/2026-05-31/18/a3303c5fada8bcb7.jpg', 0);
INSERT INTO products (id, series_id, product_id, name, real_image, line_image, params, colors, accessories, installation_method, options_text, sort_order) VALUES ('76dc4ea1-5dc5-4ad9-9452-1b7a83c1f6fe', '48bdd42e-b2cf-424c-80f3-86ee1af636f0', '030.001B06', '030.001B06', 'https://aisearch.cdn.bcebos.com/pic_create/2026-05-31/18/a3303c5fada8bcb7.jpg', 'https://aisearch.cdn.bcebos.com/pic_create/2026-05-31/18/8aa18a335a674a03.jpg', '[{"label":"Model No.","value":"030.001B06"},{"label":"Power","value":"6*2W"},{"label":"Color Temperature","value":"2700K/3000K/3500K/4000K"},{"label":"Beam Angle","value":"15°/30°/45°"},{"label":"CRI","value":"≥95"},{"label":"Luminous Efficacy","value":"75lm/W"},{"label":"Ingress Protection (IP)","value":"IP20"},{"label":"Rated Life (hours)","value":"35000~50000 hours"},{"label":"LED Chip","value":"COB"},{"label":"Voltage","value":"220~240V"},{"label":"Mounting Type","value":"Surface Mount"},{"label":"Options","value":"[1] Non-dimmable [2] TRIAC dimming [3] 0/1-10V dimming [4] DALI dimming"},{"label":"Horizontal Rotation","value":"355°"},{"label":"Vertical Rotation","value":"45°"}]'::jsonb, '[{"name":"White","hex":"#ffffff"},{"name":"Black","hex":"#000000"}]'::jsonb, '[]'::jsonb, 'Surface Mount', '[1] Non-dimmable [2] TRIAC dimming [3] 0/1-10V dimming [4] DALI dimming', 0);
INSERT INTO products (id, series_id, product_id, name, real_image, line_image, params, colors, accessories, installation_method, options_text, sort_order) VALUES ('2388af61-3fe6-4534-84b8-debf1f6cbb2b', '48bdd42e-b2cf-424c-80f3-86ee1af636f0', '030.001B12', '030.001B12', 'https://aisearch.cdn.bcebos.com/pic_create/2026-05-31/18/a04e431eeb3542cd.jpg', 'https://aisearch.cdn.bcebos.com/pic_create/2026-05-31/18/1f1e72b8824b44ff.jpg', '[{"label":"Model No.","value":"030.006B12"},{"label":"Power","value":"12*2W"},{"label":"Color Temperature","value":"2700K/3000K/3500K/4000K"},{"label":"Beam Angle","value":"15°/30°/45°"},{"label":"CRI","value":"≥95"},{"label":"Luminous Efficacy","value":"75lm/W"},{"label":"Ingress Protection (IP)","value":"IP20"},{"label":"Rated Life (hours)","value":"35000~50000 hours"},{"label":"LED Chip","value":"COB"},{"label":"Voltage","value":"220~240V"},{"label":"Mounting Type","value":"Surface Mount"},{"label":"Options","value":"[1] Non-dimmable [2] TRIAC dimming [3] 0/1-10V dimming [4] DALI dimming"},{"label":"Horizontal Rotation","value":"355°"},{"label":"Vertical Rotation","value":"45°"}]'::jsonb, '[{"name":"White","hex":"#ffffff"},{"name":"Black","hex":"#000000"}]'::jsonb, '[]'::jsonb, 'Surface Mount', '[1] Non-dimmable [2] TRIAC dimming [3] 0/1-10V dimming [4] DALI dimming', 1);
INSERT INTO series (id, category_id, name, description, cover_image, sort_order) VALUES ('9cf3f805-b37a-4f30-ad72-65cb6296a56c', 'dcc0d91e-ed85-4b83-a239-484ae646b2f1', 'POLARIS Series', 'POLARIS series', 'https://aisearch.cdn.bcebos.com/pic_create/2026-05-31/19/7c0d89cf5048523d.jpg', 1);
INSERT INTO products (id, series_id, product_id, name, real_image, line_image, params, colors, accessories, installation_method, options_text, sort_order) VALUES ('1001acbc-5f32-40db-a322-0265890e836f', '9cf3f805-b37a-4f30-ad72-65cb6296a56c', '030.002A01', '030.002A01', 'https://aisearch.cdn.bcebos.com/pic_create/2026-05-31/19/7c0d89cf5048523d.jpg', 'https://aisearch.cdn.bcebos.com/pic_create/2026-05-31/19/27df804d99b22f94.jpg', '[{"label":"Model No.","value":"030.002A01"},{"label":"Power","value":"8W/10W/12W"},{"label":"Color Temperature","value":"2700K/3000K/3500K/4000K"},{"label":"Beam Angle","value":"15°/23°/38°"},{"label":"CRI","value":"≥95"},{"label":"Luminous Efficacy","value":"75lm/W"},{"label":"Ingress Protection (IP)","value":"IP20"},{"label":"Rated Life (hours)","value":"35000~50000 hours"},{"label":"LED Chip","value":"COB"},{"label":"Voltage","value":"220~240V"},{"label":"Mounting Type","value":"Surface Mount"},{"label":"Options","value":"[1] Non-dimmable [2] TRIAC dimming [3] 0/1-10V dimming [4] DALI dimming"},{"label":"Horizontal Rotation","value":"355°"},{"label":"Vertical Rotation","value":"90°"}]'::jsonb, '[{"name":"White","hex":"#ffffff"},{"name":"Black","hex":"#000000"}]'::jsonb, '["Clear lens / Frosted lens / Honeycomb"]'::jsonb, 'Surface Mount', '[1] Non-dimmable [2] TRIAC dimming [3] 0/1-10V dimming [4] DALI dimming', 0);
INSERT INTO products (id, series_id, product_id, name, real_image, line_image, params, colors, accessories, installation_method, options_text, sort_order) VALUES ('49772662-4bd3-4111-aaec-9e201174f442', '9cf3f805-b37a-4f30-ad72-65cb6296a56c', '030.002A02', '030.002A02', 'https://aisearch.cdn.bcebos.com/pic_create/2026-05-31/19/7c0d89cf5048523d.jpg', 'https://aisearch.cdn.bcebos.com/pic_create/2026-05-31/19/2aae6f9ac7f8dd41.jpg', '[{"label":"Model No.","value":"030.002A02"},{"label":"Power","value":"20W"},{"label":"Color Temperature","value":"2700K/3000K/3500K/4000K"},{"label":"Beam Angle","value":"15°/23°/38°"},{"label":"CRI","value":"≥95"},{"label":"Luminous Efficacy","value":"80lm/W"},{"label":"Ingress Protection (IP)","value":"IP20"},{"label":"Rated Life (hours)","value":"35000~50000 hours"},{"label":"LED Chip","value":"COB"},{"label":"Voltage","value":"220~240V"},{"label":"Mounting Type","value":"Surface Mount"},{"label":"Options","value":"[1] Non-dimmable [2] TRIAC dimming [3] 0/1-10V dimming [4] DALI dimming"},{"label":"Horizontal Rotation","value":"355°"},{"label":"Vertical Rotation","value":"90°"}]'::jsonb, '[{"name":"White","hex":"#ffffff"},{"name":"Black","hex":"#000000"}]'::jsonb, '["Clear lens / Frosted lens / Honeycomb"]'::jsonb, 'Surface Mount', '[1] Non-dimmable [2] TRIAC dimming [3] 0/1-10V dimming [4] DALI dimming', 1);
INSERT INTO products (id, series_id, product_id, name, real_image, line_image, params, colors, accessories, installation_method, options_text, sort_order) VALUES ('b6bd54d7-676b-4996-bd78-d6c28efe7fc6', '9cf3f805-b37a-4f30-ad72-65cb6296a56c', '030.002A03', '030.002A03', 'https://aisearch.cdn.bcebos.com/pic_create/2026-05-31/19/7c0d89cf5048523d.jpg', 'https://aisearch.cdn.bcebos.com/pic_create/2026-05-31/19/c987c6341feb94be.jpg', '[{"label":"Model No.","value":"030.002A03"},{"label":"Power","value":"25W"},{"label":"Color Temperature","value":"2700K/3000K/3500K/4000K"},{"label":"Beam Angle","value":"15°/23°/38°"},{"label":"CRI","value":"≥95"},{"label":"Luminous Efficacy","value":"85lm/W"},{"label":"Ingress Protection (IP)","value":"IP20"},{"label":"Rated Life (hours)","value":"35000~50000 hours"},{"label":"LED Chip","value":"COB"},{"label":"Voltage","value":"220~240V"},{"label":"Mounting Type","value":"Surface Mount"},{"label":"Options","value":"[1] Non-dimmable [2] TRIAC dimming [3] 0/1-10V dimming [4] DALI dimming"},{"label":"Horizontal Rotation","value":"355°"},{"label":"Vertical Rotation","value":"90°"}]'::jsonb, '[{"name":"White","hex":"#ffffff"},{"name":"Black","hex":"#000000"}]'::jsonb, '["Clear lens / Frosted lens / Honeycomb"]'::jsonb, 'Surface Mount', '[1] Non-dimmable [2] TRIAC dimming [3] 0/1-10V dimming [4] DALI dimming', 2);
INSERT INTO series (id, category_id, name, description, cover_image, sort_order) VALUES ('f4bab164-190e-44f8-bce2-2cf50dd7d109', 'dcc0d91e-ed85-4b83-a239-484ae646b2f1', 'ZOOM Series', 'ZOOM series', 'https://aisearch.cdn.bcebos.com/pic_create/2026-05-31/19/5a721f9633cca15a.jpg', 2);
INSERT INTO products (id, series_id, product_id, name, real_image, line_image, params, colors, accessories, installation_method, options_text, sort_order) VALUES ('2bd9a48d-703c-4ea3-adbf-f1e41ba9c19f', 'f4bab164-190e-44f8-bce2-2cf50dd7d109', '030.004A01', '030.004A01', 'https://aisearch.cdn.bcebos.com/pic_create/2026-05-31/19/5a721f9633cca15a.jpg', 'https://aisearch.cdn.bcebos.com/pic_create/2026-05-31/19/5bdd42fd9748fbc4.jpg', '[{"label":"Model No.","value":"030.004A01"},{"label":"Power","value":"8W/10W/12W"},{"label":"Color Temperature","value":"2700K/3000K/3500K/4000K"},{"label":"Beam Angle","value":"15°~60°"},{"label":"CRI","value":"≥95"},{"label":"Luminous Efficacy","value":"68lm/W"},{"label":"Ingress Protection (IP)","value":"IP20"},{"label":"Rated Life (hours)","value":"35000~50000 hours"},{"label":"LED Chip","value":"COB"},{"label":"Voltage","value":"220~240V"},{"label":"Mounting Type","value":"Surface Mount"},{"label":"Options","value":"[1] Non-dimmable [2] TRIAC dimming [3] 0/1-10V dimming [4] DALI dimming"},{"label":"Horizontal Rotation","value":"355°"},{"label":"Vertical Rotation","value":"45°"}]'::jsonb, '[{"name":"White","hex":"#ffffff"},{"name":"Black","hex":"#000000"}]'::jsonb, '[]'::jsonb, 'Surface Mount', '[1] Non-dimmable [2] TRIAC dimming [3] 0/1-10V dimming [4] DALI dimming', 0);
INSERT INTO products (id, series_id, product_id, name, real_image, line_image, params, colors, accessories, installation_method, options_text, sort_order) VALUES ('02438375-3df7-4a82-9f03-84f8f946f502', 'f4bab164-190e-44f8-bce2-2cf50dd7d109', '030.004A02', '030.004A02', 'https://aisearch.cdn.bcebos.com/pic_create/2026-05-31/19/637e8183cbd76ee2.jpg', 'https://aisearch.cdn.bcebos.com/pic_create/2026-05-31/19/981f3c1d6a38a9be.jpg', '[{"label":"Model No.","value":"030.004A02"},{"label":"Power","value":"20W"},{"label":"Color Temperature","value":"2700K/3000K/3500K/4000K"},{"label":"Beam Angle","value":"15°~60°"},{"label":"CRI","value":"≥95"},{"label":"Luminous Efficacy","value":"70lm/W"},{"label":"Ingress Protection (IP)","value":"IP20"},{"label":"Rated Life (hours)","value":"35000~50000 hours"},{"label":"LED Chip","value":"COB"},{"label":"Voltage","value":"220~240V"},{"label":"Mounting Type","value":"Surface Mount"},{"label":"Options","value":"[1] Non-dimmable [2] TRIAC dimming [3] 0/1-10V dimming [4] DALI dimming"},{"label":"Horizontal Rotation","value":"355°"},{"label":"Vertical Rotation","value":"45°"}]'::jsonb, '[{"name":"White","hex":"#ffffff"},{"name":"Black","hex":"#000000"}]'::jsonb, '[]'::jsonb, 'Surface Mount', '[1] Non-dimmable [2] TRIAC dimming [3] 0/1-10V dimming [4] DALI dimming', 1);
INSERT INTO products (id, series_id, product_id, name, real_image, line_image, params, colors, accessories, installation_method, options_text, sort_order) VALUES ('4f714934-2fd1-4517-93ea-45beb294b724', 'f4bab164-190e-44f8-bce2-2cf50dd7d109', '030.004A03', '030.004A03', 'https://aisearch.cdn.bcebos.com/pic_create/2026-05-31/19/b142a832274cd31a.jpg', 'https://aisearch.cdn.bcebos.com/pic_create/2026-05-31/19/ef46f253097f1c23.jpg', '[{"label":"Model No.","value":"030.004A03"},{"label":"Power","value":"30W"},{"label":"Color Temperature","value":"2700K/3000K/3500K/4000K"},{"label":"Beam Angle","value":"15°~60°"},{"label":"CRI","value":"≥95"},{"label":"Luminous Efficacy","value":"75lm/W"},{"label":"Ingress Protection (IP)","value":"IP20"},{"label":"Rated Life (hours)","value":"35000~50000 hours"},{"label":"LED Chip","value":"COB"},{"label":"Voltage","value":"220~240V"},{"label":"Mounting Type","value":"Surface Mount"},{"label":"Options","value":"[1] Non-dimmable [2] TRIAC dimming [3] 0/1-10V dimming [4] DALI dimming"},{"label":"Horizontal Rotation","value":"355°"},{"label":"Vertical Rotation","value":"45°"}]'::jsonb, '[{"name":"White","hex":"#ffffff"},{"name":"Black","hex":"#000000"}]'::jsonb, '[]'::jsonb, 'Surface Mount', '[1] Non-dimmable [2] TRIAC dimming [3] 0/1-10V dimming [4] DALI dimming', 2);
INSERT INTO series (id, category_id, name, description, cover_image, sort_order) VALUES ('d8cce6b4-6f01-4990-b4d2-6a835de8b1b7', 'dcc0d91e-ed85-4b83-a239-484ae646b2f1', 'WUJI Series', 'WUJI series', 'https://aisearch.cdn.bcebos.com/pic_create/2026-06-06/14/85fc09391931e39e.jpg', 3);
INSERT INTO products (id, series_id, product_id, name, real_image, line_image, params, colors, accessories, installation_method, options_text, sort_order) VALUES ('a2241f68-869f-45fb-958f-8dceecc757f7', 'd8cce6b4-6f01-4990-b4d2-6a835de8b1b7', '030.005A', '030.005A', 'https://aisearch.cdn.bcebos.com/pic_create/2026-06-06/14/85fc09391931e39e.jpg', 'https://aisearch.cdn.bcebos.com/pic_create/2026-06-06/14/4f25db346374e0f4.jpg', '[{"label":"Model No.","value":"030.005A"},{"label":"Power","value":"10W"},{"label":"Color Temperature","value":"2700K/3000K/3500K/4000K"},{"label":"Beam Angle","value":"20°~35°"},{"label":"CRI","value":"≥95"},{"label":"Luminous Efficacy","value":"75lm/W"},{"label":"Ingress Protection (IP)","value":"IP20"},{"label":"Rated Life (hours)","value":"35000~50000 hours"},{"label":"LED Chip","value":"COB"},{"label":"Voltage","value":"220~240V"},{"label":"Mounting Type","value":"Surface Mount"},{"label":"Options","value":"[1] Non-dimmable [2] TRIAC dimming [3] 0/1-10V dimming [4] DALI dimming"},{"label":"Horizontal Rotation","value":"355°"},{"label":"Vertical Rotation","value":"45°"}]'::jsonb, '[{"name":"White","hex":"#ffffff"},{"name":"Black","hex":"#000000"}]'::jsonb, '[]'::jsonb, 'Surface Mount', '[1] Non-dimmable [2] TRIAC dimming [3] 0/1-10V dimming [4] DALI dimming', 0);
INSERT INTO products (id, series_id, product_id, name, real_image, line_image, params, colors, accessories, installation_method, options_text, sort_order) VALUES ('3b9d5e11-1e3b-46d1-9475-4929f42d3a8d', 'd8cce6b4-6f01-4990-b4d2-6a835de8b1b7', '030.005B', '030.005B', 'https://aisearch.cdn.bcebos.com/pic_create/2026-06-06/14/fb3b70b61560b8da.jpg', 'https://aisearch.cdn.bcebos.com/pic_create/2026-06-06/14/f965013bb72bba98.jpg', '[{"label":"Model No.","value":"030.005B"},{"label":"Power","value":"20-30W"},{"label":"Color Temperature","value":"2700K/3000K/3500K/4000K"},{"label":"Beam Angle","value":"25°-40°"},{"label":"CRI","value":"≥95"},{"label":"Luminous Efficacy","value":"75lm/W"},{"label":"Ingress Protection (IP)","value":"IP20"},{"label":"Rated Life (hours)","value":"35000~50000 hours"},{"label":"LED Chip","value":"COB"},{"label":"Voltage","value":"220~240V"},{"label":"Mounting Type","value":"Surface Mount"},{"label":"Options","value":"[1] Non-dimmable [2] TRIAC dimming [3] 0/1-10V dimming [4] DALI dimming"},{"label":"Horizontal Rotation","value":"355°"},{"label":"Vertical Rotation","value":"45°"}]'::jsonb, '[{"name":"White","hex":"#ffffff"},{"name":"Black","hex":"#000000"}]'::jsonb, '[]'::jsonb, 'Surface Mount', '[1] Non-dimmable [2] TRIAC dimming [3] 0/1-10V dimming [4] DALI dimming', 1);
INSERT INTO products (id, series_id, product_id, name, real_image, line_image, params, colors, accessories, installation_method, options_text, sort_order) VALUES ('80d88fd9-dbff-420d-8667-17a5673397c7', 'd8cce6b4-6f01-4990-b4d2-6a835de8b1b7', '030.005C', '030.005C', 'https://aisearch.cdn.bcebos.com/pic_create/2026-06-06/14/4997e04ae0ab44dd.jpg', 'https://aisearch.cdn.bcebos.com/pic_create/2026-06-06/14/e8de3d4ffbc931c8.jpg', '[{"label":"Model No.","value":"030.005C"},{"label":"Power","value":"20-30W"},{"label":"Color Temperature","value":"2700K/3000K/3500K/4000K"},{"label":"Beam Angle","value":"50°-60°"},{"label":"CRI","value":"≥95"},{"label":"Luminous Efficacy","value":"75lm/W"},{"label":"Ingress Protection (IP)","value":"IP20"},{"label":"Rated Life (hours)","value":"35000~50000 hours"},{"label":"LED Chip","value":"COB"},{"label":"Voltage","value":"220~240V"},{"label":"Mounting Type","value":"Surface Mount"},{"label":"Options","value":"[1] Non-dimmable [2] TRIAC dimming [3] 0/1-10V dimming [4] DALI dimming"},{"label":"Horizontal Rotation","value":"355°"},{"label":"Vertical Rotation","value":"45°"}]'::jsonb, '[{"name":"White","hex":"#ffffff"},{"name":"Black","hex":"#000000"}]'::jsonb, '[]'::jsonb, 'Surface Mount', '[1] Non-dimmable [2] TRIAC dimming [3] 0/1-10V dimming [4] DALI dimming', 2);
INSERT INTO series (id, category_id, name, description, cover_image, sort_order) VALUES ('1af8661f-4be9-4a9a-9454-f86ec4f9d263', 'dcc0d91e-ed85-4b83-a239-484ae646b2f1', 'MOER Series', 'MOER series', 'https://aisearch.cdn.bcebos.com/pic_create/2026-06-06/14/d048e29d1c6b8f8e.jpg', 4);
INSERT INTO products (id, series_id, product_id, name, real_image, line_image, params, colors, accessories, installation_method, options_text, sort_order) VALUES ('31e63f36-97b9-44ae-aa32-fa4e133d8c1b', '1af8661f-4be9-4a9a-9454-f86ec4f9d263', '030.006A01', '030.006A01', 'https://aisearch.cdn.bcebos.com/pic_create/2026-06-06/14/d048e29d1c6b8f8e.jpg', 'https://aisearch.cdn.bcebos.com/pic_create/2026-06-06/14/156e67c16ecb7cc0.jpg', '[{"label":"Model No.","value":"030.006A01"},{"label":"Power","value":"20W/25W"},{"label":"Color Temperature","value":"2700K/3000K/3500K/4000K"},{"label":"Beam Angle","value":"Asymmetric"},{"label":"CRI","value":"≥95"},{"label":"Luminous Efficacy","value":"82lm/W"},{"label":"Ingress Protection (IP)","value":"IP20"},{"label":"Rated Life (hours)","value":"35000~50000 hours"},{"label":"LED Chip","value":"COB"},{"label":"Voltage","value":"220~240V"},{"label":"Mounting Type","value":"Surface Mount"},{"label":"Options","value":"[1] Non-dimmable [2] TRIAC dimming [3] 0/1-10V dimming [4] DALI dimming"},{"label":"Horizontal Rotation","value":"355°"},{"label":"Vertical Rotation","value":"45°"}]'::jsonb, '[{"name":"White","hex":"#ffffff"},{"name":"Black","hex":"#000000"}]'::jsonb, '[]'::jsonb, 'Surface Mount', '[1] Non-dimmable [2] TRIAC dimming [3] 0/1-10V dimming [4] DALI dimming', 0);
INSERT INTO products (id, series_id, product_id, name, real_image, line_image, params, colors, accessories, installation_method, options_text, sort_order) VALUES ('bec1b301-8048-40a4-b21e-d05da36cd1f4', '1af8661f-4be9-4a9a-9454-f86ec4f9d263', '030.006A02', '030.006A02', 'https://aisearch.cdn.bcebos.com/pic_create/2026-06-06/14/dfab7982023f7a76.jpg', 'https://aisearch.cdn.bcebos.com/pic_create/2026-06-06/14/d7648628ac00707f.jpg', '[{"label":"Model No.","value":"030.006A02"},{"label":"Power","value":"30W/35W"},{"label":"Color Temperature","value":"2700K/3000K/3500K/4000K"},{"label":"Beam Angle","value":"Asymmetric"},{"label":"CRI","value":"≥95"},{"label":"Luminous Efficacy","value":"85lm/W"},{"label":"Ingress Protection (IP)","value":"IP20"},{"label":"Rated Life (hours)","value":"35000~50000 hours"},{"label":"LED Chip","value":"COB"},{"label":"Voltage","value":"220~240V"},{"label":"Mounting Type","value":"Surface Mount"},{"label":"Options","value":"[1] Non-dimmable [2] TRIAC dimming [3] 0/1-10V dimming [4] DALI dimming"},{"label":"Horizontal Rotation","value":"355°"},{"label":"Vertical Rotation","value":"45°"}]'::jsonb, '[{"name":"White","hex":"#ffffff"},{"name":"Black","hex":"#000000"}]'::jsonb, '[]'::jsonb, 'Surface Mount', '[1] Non-dimmable [2] TRIAC dimming [3] 0/1-10V dimming [4] DALI dimming', 1);
INSERT INTO categories (id, name, sort_order, gradient) VALUES ('0ff2e6ed-0c5a-47af-b849-cbdef6118617', 'Magnetic LED Light', 3, 'linear-gradient(135deg, #2a1a1a 0%, #2d1616 50%, #340f0f 100%)');
INSERT INTO series (id, category_id, name, description, cover_image, sort_order) VALUES ('bcf2e9ee-dfb8-4bb2-ba82-46dca3553baf', '0ff2e6ed-0c5a-47af-b849-cbdef6118617', 'FASHION Series', 'FASHION series', 'https://aisearch.cdn.bcebos.com/pic_create/2026-06-06/17/245f3428fff044ed.jpg', 0);
INSERT INTO products (id, series_id, product_id, name, real_image, line_image, params, colors, accessories, installation_method, options_text, sort_order) VALUES ('bdf7e621-eb51-4a62-b5a4-84c9335427c7', 'bcf2e9ee-dfb8-4bb2-ba82-46dca3553baf', '050.001A06', '050.001A06', 'https://aisearch.cdn.bcebos.com/pic_create/2026-06-06/17/245f3428fff044ed.jpg', 'https://aisearch.cdn.bcebos.com/pic_create/2026-06-06/17/8694ecdf4a044f43.jpg', '[{"label":"Model No.","value":"050.001A06"},{"label":"Power","value":"10W"},{"label":"Color Temperature","value":"2700K/3000K/3500K/4000K"},{"label":"Beam Angle","value":"15°/24°/38°"},{"label":"CRI","value":">92"},{"label":"Luminous Efficacy","value":"85lm/W"},{"label":"Ingress Protection (IP)","value":"IP20"},{"label":"Rated Life (hours)","value":"35000~50000 hours"},{"label":"LED Chip","value":"SMD"},{"label":"Voltage","value":"220~240V"},{"label":"Mounting Type","value":"Surface Mount"},{"label":"Options","value":"[1] Non-dimmable [2] TRIAC dimming [3] 0/1-10V dimming [4] DALI dimming"}]'::jsonb, '[{"name":"Black","hex":"#000000"}]'::jsonb, '[]'::jsonb, 'Surface Mount', '[1] Non-dimmable [2] TRIAC dimming [3] 0/1-10V dimming [4] DALI dimming', 0);
INSERT INTO products (id, series_id, product_id, name, real_image, line_image, params, colors, accessories, installation_method, options_text, sort_order) VALUES ('b7e2ed1f-49db-4cbf-835e-06469afb182d', 'bcf2e9ee-dfb8-4bb2-ba82-46dca3553baf', '050.001A12', '050.001A12', 'https://aisearch.cdn.bcebos.com/pic_create/2026-06-06/17/90e800e029f4d417.jpg', 'https://aisearch.cdn.bcebos.com/pic_create/2026-06-06/17/339d1208fb9df09a.jpg', '[{"label":"Model No.","value":"050.001A12"},{"label":"Power","value":"20W"},{"label":"Color Temperature","value":"2700K/3000K/3500K/4000K"},{"label":"Beam Angle","value":"15°/24°/38°"},{"label":"CRI","value":"≥92"},{"label":"Luminous Efficacy","value":"85lm/W"},{"label":"Ingress Protection (IP)","value":"IP20"},{"label":"Rated Life (hours)","value":"35000~50000 hours"},{"label":"LED Chip","value":"SMD"},{"label":"Voltage","value":"220~240V"},{"label":"Mounting Type","value":"Surface Mount"},{"label":"Options","value":"[1] Non-dimmable [2] TRIAC dimming [3] 0/1-10V dimming [4] DALI dimming"}]'::jsonb, '[{"name":"Black","hex":"#000000"}]'::jsonb, '[]'::jsonb, 'Surface Mount', '[1] Non-dimmable [2] TRIAC dimming [3] 0/1-10V dimming [4] DALI dimming', 1);
INSERT INTO series (id, category_id, name, description, cover_image, sort_order) VALUES ('a7cada2d-0c2e-4ec1-a64f-abdcb66589cd', '0ff2e6ed-0c5a-47af-b849-cbdef6118617', 'JAY Series', 'JAY series', 'https://aisearch.cdn.bcebos.com/pic_create/2026-06-06/18/b8a7bacd06a92a84.jpg', 1);
INSERT INTO products (id, series_id, product_id, name, real_image, line_image, params, colors, accessories, installation_method, options_text, sort_order) VALUES ('3392a87c-0b23-4180-8145-eda92de64a63', 'a7cada2d-0c2e-4ec1-a64f-abdcb66589cd', '050.002A06', '050.002A06', 'https://aisearch.cdn.bcebos.com/pic_create/2026-06-06/18/b8a7bacd06a92a84.jpg', 'https://aisearch.cdn.bcebos.com/pic_create/2026-06-06/18/7b14d1bba0473f39.jpg', '[{"label":"Model No.","value":"050.002A06"},{"label":"Power","value":"10W"},{"label":"Color Temperature","value":"2700K/3000K/3500K/4000K"},{"label":"Beam Angle","value":"15°/24°/38°"},{"label":"CRI","value":"≥92"},{"label":"Luminous Efficacy","value":"68lm/W"},{"label":"Ingress Protection (IP)","value":"IP20"},{"label":"Rated Life (hours)","value":"35000~50000 hours"},{"label":"LED Chip","value":"SMD"},{"label":"Voltage","value":"220~240V"},{"label":"Mounting Type","value":"Surface Mount"},{"label":"Options","value":"[1] Non-dimmable [2] TRIAC dimming [3] 0/1-10V dimming [4] DALI dimming"}]'::jsonb, '[{"name":"White","hex":"#ffffff"},{"name":"Black","hex":"#000000"}]'::jsonb, '[]'::jsonb, 'Surface Mount', '[1] Non-dimmable [2] TRIAC dimming [3] 0/1-10V dimming [4] DALI dimming', 0);
INSERT INTO products (id, series_id, product_id, name, real_image, line_image, params, colors, accessories, installation_method, options_text, sort_order) VALUES ('7a8858a3-4909-41ba-bb41-0063647018ad', 'a7cada2d-0c2e-4ec1-a64f-abdcb66589cd', '050.002A12', '050.002A12', 'https://aisearch.cdn.bcebos.com/pic_create/2026-06-06/18/ef6ffea953ec5996.jpg', 'https://aisearch.cdn.bcebos.com/pic_create/2026-06-06/18/ddba4703fd4cc8b1.jpg', '[{"label":"Model No.","value":"050.002A12"},{"label":"Power","value":"20W"},{"label":"Color Temperature","value":"2700K/3000K/3500K/4000K"},{"label":"Beam Angle","value":"15°/24°/38°"},{"label":"CRI","value":"≥92"},{"label":"Luminous Efficacy","value":"85lm/W"},{"label":"Ingress Protection (IP)","value":"IP20"},{"label":"Rated Life (hours)","value":"35000~50000 hours"},{"label":"LED Chip","value":"SMD"},{"label":"Voltage","value":"220~240V"},{"label":"Mounting Type","value":"Surface Mount"},{"label":"Options","value":"[1] Non-dimmable [2] TRIAC dimming [3] 0/1-10V dimming [4] DALI dimming"}]'::jsonb, '[{"name":"White","hex":"#ffffff"},{"name":"Black","hex":"#000000"}]'::jsonb, '[]'::jsonb, 'Surface Mount', '[1] Non-dimmable [2] TRIAC dimming [3] 0/1-10V dimming [4] DALI dimming', 1);
INSERT INTO series (id, category_id, name, description, cover_image, sort_order) VALUES ('3689008b-408f-4364-bf8b-9d221e8dc2e9', '0ff2e6ed-0c5a-47af-b849-cbdef6118617', 'LI Series', 'LI series', 'https://aisearch.cdn.bcebos.com/pic_create/2026-06-06/18/5581c8cfeaffe489.jpg', 2);
INSERT INTO products (id, series_id, product_id, name, real_image, line_image, params, colors, accessories, installation_method, options_text, sort_order) VALUES ('26c336cf-1750-49a1-81b2-4cf68977b0c5', '3689008b-408f-4364-bf8b-9d221e8dc2e9', '050.002B06', '050.002B06', 'https://aisearch.cdn.bcebos.com/pic_create/2026-06-06/18/5581c8cfeaffe489.jpg', 'https://aisearch.cdn.bcebos.com/pic_create/2026-06-06/18/59d3924dbd0076a9.jpg', '[{"label":"Model No.","value":"050.002B06"},{"label":"Power","value":"10W"},{"label":"Color Temperature","value":"2700K/3000K/3500K/4000K"},{"label":"Beam Angle","value":"112°"},{"label":"CRI","value":"≥92"},{"label":"Luminous Efficacy","value":"70lm/W"},{"label":"Ingress Protection (IP)","value":"IP20"},{"label":"Rated Life (hours)","value":"35000~50000 hours"},{"label":"LED Chip","value":"SMD"},{"label":"Voltage","value":"220~240V"},{"label":"Mounting Type","value":"Surface Mount"},{"label":"Options","value":"[1] Non-dimmable [2] TRIAC dimming [3] 0/1-10V dimming [4] DALI dimming"}]'::jsonb, '[{"name":"White","hex":"#ffffff"},{"name":"Black","hex":"#000000"}]'::jsonb, '[]'::jsonb, 'Surface Mount', '[1] Non-dimmable [2] TRIAC dimming [3] 0/1-10V dimming [4] DALI dimming', 0);
INSERT INTO products (id, series_id, product_id, name, real_image, line_image, params, colors, accessories, installation_method, options_text, sort_order) VALUES ('cbe704c4-8ba3-4d26-817e-8ec33edfd7a4', '3689008b-408f-4364-bf8b-9d221e8dc2e9', '050.002B12', '050.002B12', 'https://aisearch.cdn.bcebos.com/pic_create/2026-06-06/18/7e1fa8b49c5ff975.jpg', 'https://aisearch.cdn.bcebos.com/pic_create/2026-06-06/18/5e8e1043c5eea9b6.jpg', '[{"label":"Model No.","value":"050.002B12"},{"label":"Power","value":"20W"},{"label":"Color Temperature","value":"2700K/3000K/3500K/4000K"},{"label":"Beam Angle","value":"112°"},{"label":"CRI","value":"≥92"},{"label":"Luminous Efficacy","value":"80lm/W"},{"label":"Ingress Protection (IP)","value":"IP20"},{"label":"Rated Life (hours)","value":"35000~50000 hours"},{"label":"LED Chip","value":"SMD"},{"label":"Voltage","value":"220~240V"},{"label":"Mounting Type","value":"Surface Mount"},{"label":"Options","value":"[1] Non-dimmable [2] TRIAC dimming [3] 0/1-10V dimming [4] DALI dimming"}]'::jsonb, '[{"name":"White","hex":"#ffffff"},{"name":"Black","hex":"#000000"}]'::jsonb, '[]'::jsonb, 'Surface Mount', '[1] Non-dimmable [2] TRIAC dimming [3] 0/1-10V dimming [4] DALI dimming', 1);
INSERT INTO series (id, category_id, name, description, cover_image, sort_order) VALUES ('556fb9de-09df-45fc-b44d-04067f25774b', '0ff2e6ed-0c5a-47af-b849-cbdef6118617', 'CHENG Series', 'CHENG series', 'https://aisearch.cdn.bcebos.com/pic_create/2026-06-06/18/bdc37de2a1bfe339.jpg', 3);
INSERT INTO products (id, series_id, product_id, name, real_image, line_image, params, colors, accessories, installation_method, options_text, sort_order) VALUES ('634957d7-406d-4a54-8903-01c3242823fe', '556fb9de-09df-45fc-b44d-04067f25774b', '050.003A30', '050.003A30', 'https://aisearch.cdn.bcebos.com/pic_create/2026-06-06/18/bdc37de2a1bfe339.jpg', 'https://aisearch.cdn.bcebos.com/pic_create/2026-06-06/18/f261faa338b5dd02.jpg', '[{"label":"Model No.","value":"050.003A30"},{"label":"Power","value":"10W"},{"label":"Color Temperature","value":"2700K/3000K/3500K/4000K"},{"label":"Beam Angle","value":"112°"},{"label":"CRI","value":"≥92"},{"label":"Luminous Efficacy","value":"78lm/W"},{"label":"Ingress Protection (IP)","value":"IP20"},{"label":"Rated Life (hours)","value":"35000~50000 hours"},{"label":"LED Chip","value":"SMD"},{"label":"Voltage","value":"220~240V"},{"label":"Mounting Type","value":"Surface Mount"},{"label":"Options","value":"[1] Non-dimmable [2] TRIAC dimming [3] 0/1-10V dimming [4] DALI dimming"}]'::jsonb, '[{"name":"White","hex":"#ffffff"},{"name":"Black","hex":"#000000"}]'::jsonb, '[]'::jsonb, 'Surface Mount', '[1] Non-dimmable [2] TRIAC dimming [3] 0/1-10V dimming [4] DALI dimming', 0);
INSERT INTO products (id, series_id, product_id, name, real_image, line_image, params, colors, accessories, installation_method, options_text, sort_order) VALUES ('05842a8d-ac1e-4710-aecf-0547ab218ea2', '556fb9de-09df-45fc-b44d-04067f25774b', '050.003A60', '050.003A60', 'https://aisearch.cdn.bcebos.com/pic_create/2026-06-06/18/68ef61d90f57b066.jpg', 'https://aisearch.cdn.bcebos.com/pic_create/2026-06-06/18/50ff1c5bf99b6945.jpg', '[{"label":"Model No.","value":"050.003A60"},{"label":"Power","value":"20W"},{"label":"Color Temperature","value":"2700K/3000K/3500K/4000K"},{"label":"Beam Angle","value":"112°"},{"label":"CRI","value":"≥92"},{"label":"Luminous Efficacy","value":"78lm/W"},{"label":"Ingress Protection (IP)","value":"IP20"},{"label":"Rated Life (hours)","value":"35000~50000 hours"},{"label":"LED Chip","value":"SMD"},{"label":"Voltage","value":"220~240V"},{"label":"Mounting Type","value":"Surface Mount"},{"label":"Options","value":"[1] Non-dimmable [2] TRIAC dimming [3] 0/1-10V dimming [4] DALI dimming"}]'::jsonb, '[{"name":"White","hex":"#ffffff"},{"name":"Black","hex":"#000000"}]'::jsonb, '[]'::jsonb, 'Surface Mount', '[1] Non-dimmable [2] TRIAC dimming [3] 0/1-10V dimming [4] DALI dimming', 1);
INSERT INTO products (id, series_id, product_id, name, real_image, line_image, params, colors, accessories, installation_method, options_text, sort_order) VALUES ('5a47507d-d3a2-41fc-9cd6-04239141ac38', '556fb9de-09df-45fc-b44d-04067f25774b', '050.003A90', '050.003A90', 'https://aisearch.cdn.bcebos.com/pic_create/2026-06-06/18/95635514631021a4.jpg', 'https://aisearch.cdn.bcebos.com/pic_create/2026-06-06/18/5a656abe893a013a.jpg', '[{"label":"Model No.","value":"050.003A90"},{"label":"Power","value":"30W"},{"label":"Color Temperature","value":"2700K/3000K/3500K/4000K"},{"label":"Beam Angle","value":"112°"},{"label":"CRI","value":"≥92"},{"label":"Luminous Efficacy","value":"80lm/W"},{"label":"Ingress Protection (IP)","value":"IP20"},{"label":"Rated Life (hours)","value":"35000~50000 hours"},{"label":"LED Chip","value":"SMD"},{"label":"Voltage","value":"220~240V"},{"label":"Mounting Type","value":"Surface Mount"},{"label":"Options","value":"[1] Non-dimmable [2] TRIAC dimming [3] 0/1-10V dimming [4] DALI dimming"}]'::jsonb, '[{"name":"White","hex":"#ffffff"},{"name":"Black","hex":"#000000"}]'::jsonb, '[]'::jsonb, 'Surface Mount', '[1] Non-dimmable [2] TRIAC dimming [3] 0/1-10V dimming [4] DALI dimming', 2);
INSERT INTO series (id, category_id, name, description, cover_image, sort_order) VALUES ('6dc33800-4715-4698-bf52-4d090363fdc5', '0ff2e6ed-0c5a-47af-b849-cbdef6118617', 'DNI Series', 'DNI series', 'https://aisearch.cdn.bcebos.com/pic_create/2026-06-06/18/80c8f79a984662b4.jpg', 4);
INSERT INTO products (id, series_id, product_id, name, real_image, line_image, params, colors, accessories, installation_method, options_text, sort_order) VALUES ('9d146d5e-5f57-4257-a8f5-aeed35b82c8f', '6dc33800-4715-4698-bf52-4d090363fdc5', '050.005A01', '050.005A01', 'https://aisearch.cdn.bcebos.com/pic_create/2026-06-06/18/80c8f79a984662b4.jpg', 'https://aisearch.cdn.bcebos.com/pic_create/2026-06-06/18/2e3f0e00b312d271.jpg', '[{"label":"Model No.","value":"050.005A01"},{"label":"Power","value":"8W"},{"label":"Color Temperature","value":"2700K/3000K/3500K/4000K"},{"label":"Beam Angle","value":"15°/24°/38°"},{"label":"CRI","value":"≥95"},{"label":"Luminous Efficacy","value":"79lm/W"},{"label":"Ingress Protection (IP)","value":"IP20"},{"label":"Rated Life (hours)","value":"35000~50000 hours"},{"label":"LED Chip","value":"COB"},{"label":"Voltage","value":"220~240V"},{"label":"Mounting Type","value":"Surface Mount"},{"label":"Options","value":"[1] Non-dimmable [2] TRIAC dimming [3] 0/1-10V dimming [4] DALI dimming"}]'::jsonb, '[{"name":"White","hex":"#ffffff"},{"name":"Black","hex":"#000000"}]'::jsonb, '[]'::jsonb, 'Surface Mount', '[1] Non-dimmable [2] TRIAC dimming [3] 0/1-10V dimming [4] DALI dimming', 0);
INSERT INTO products (id, series_id, product_id, name, real_image, line_image, params, colors, accessories, installation_method, options_text, sort_order) VALUES ('6907340e-87ab-4043-b6e1-49a1674c0360', '6dc33800-4715-4698-bf52-4d090363fdc5', '050.005A02', '050.005A02', 'https://aisearch.cdn.bcebos.com/pic_create/2026-06-06/18/f22251a2ea3fc4e7.jpg', 'https://aisearch.cdn.bcebos.com/pic_create/2026-06-06/18/eca4bb71da480d6c.jpg', '[{"label":"Model No.","value":"050.005A02"},{"label":"Power","value":"10W/12W"},{"label":"Color Temperature","value":"2700K/3000K/3500K/4000K"},{"label":"Beam Angle","value":"15°/24°/38°"},{"label":"CRI","value":"≥95"},{"label":"Luminous Efficacy","value":"82lm/W"},{"label":"Ingress Protection (IP)","value":"IP20"},{"label":"Rated Life (hours)","value":"35000~50000 hours"},{"label":"LED Chip","value":"COB"},{"label":"Voltage","value":"220~240V"},{"label":"Mounting Type","value":"Surface Mount"},{"label":"Options","value":"[1] Non-dimmable [2] TRIAC dimming [3] 0/1-10V dimming [4] DALI dimming"}]'::jsonb, '[{"name":"White","hex":"#ffffff"},{"name":"Black","hex":"#000000"}]'::jsonb, '[]'::jsonb, 'Surface Mount', '[1] Non-dimmable [2] TRIAC dimming [3] 0/1-10V dimming [4] DALI dimming', 1);
INSERT INTO products (id, series_id, product_id, name, real_image, line_image, params, colors, accessories, installation_method, options_text, sort_order) VALUES ('023d508a-22e3-48f5-aef3-d7080dfe6349', '6dc33800-4715-4698-bf52-4d090363fdc5', '050.005A03', '050.005A03', 'https://aisearch.cdn.bcebos.com/pic_create/2026-06-06/18/3180c548473766d9.jpg', 'https://aisearch.cdn.bcebos.com/pic_create/2026-06-06/18/6359ab8f60143f5a.jpg', '[{"label":"Model No.","value":"050.005A03"},{"label":"Power","value":"15W/18W"},{"label":"Color Temperature","value":"2700K/3000K/3500K/4000K"},{"label":"Beam Angle","value":"15°/24°/38°"},{"label":"CRI","value":"≥95"},{"label":"Luminous Efficacy","value":"85lm/W"},{"label":"Ingress Protection (IP)","value":"IP20"},{"label":"Rated Life (hours)","value":"35000~50000 hours"},{"label":"LED Chip","value":"COB"},{"label":"Voltage","value":"220~240V"},{"label":"Mounting Type","value":"Surface Mount"},{"label":"Options","value":"[1] Non-dimmable [2] TRIAC dimming [3] 0/1-10V dimming [4] DALI dimming"}]'::jsonb, '[{"name":"White","hex":"#ffffff"},{"name":"Black","hex":"#000000"}]'::jsonb, '[]'::jsonb, 'Surface Mount', '[1] Non-dimmable [2] TRIAC dimming [3] 0/1-10V dimming [4] DALI dimming', 2);
INSERT INTO products (id, series_id, product_id, name, real_image, line_image, params, colors, accessories, installation_method, options_text, sort_order) VALUES ('a20874e0-c8c5-4f3f-902d-02e7bd24178b', '6dc33800-4715-4698-bf52-4d090363fdc5', '050.005A04', '050.005A04', 'https://aisearch.cdn.bcebos.com/pic_create/2026-06-06/18/bca4902d3e24dfab.jpg', 'https://aisearch.cdn.bcebos.com/pic_create/2026-06-06/18/7574dbebf2c2a1aa.jpg', '[{"label":"Model No.","value":"050.005A04"},{"label":"Power","value":"20W/25W"},{"label":"Color Temperature","value":"2700K/3000K/3500K/4000K"},{"label":"Beam Angle","value":"15°/24°/38°"},{"label":"CRI","value":"≥95"},{"label":"Luminous Efficacy","value":"85lm/W"},{"label":"Ingress Protection (IP)","value":"IP20"},{"label":"Rated Life (hours)","value":"35000~50000 hours"},{"label":"LED Chip","value":"COB"},{"label":"Voltage","value":"220~240V"},{"label":"Mounting Type","value":"Surface Mount"},{"label":"Options","value":"[1] Non-dimmable [2] TRIAC dimming [3] 0/1-10V dimming [4] DALI dimming"}]'::jsonb, '[{"name":"White","hex":"#ffffff"},{"name":"Black","hex":"#000000"}]'::jsonb, '[]'::jsonb, 'Surface Mount', '[1] Non-dimmable [2] TRIAC dimming [3] 0/1-10V dimming [4] DALI dimming', 3);
